Year_name,SFF_PP,Oil_PP,NG_PP,BW_PP
2015,0.0,120655512.93070264,1708814.1176325378,0.0
